,Player,Nation,Position,Squad,Age,Born,Matches Played,Minutes Played,Goals,Assists,Goals + Assists,Expected Goals,Expected Assists,Expected Goals + Assists,Goals per 90,Assists per 90,Goals + Assists per 90,Expected Goals per 90,Expected Assists per 90,Expected Goals + Assists per 90
14,Arana,es ESP,FW,Racing Sant,24-026,2000,25,1418,9,1,10,6.8,0.7,7.5,0.57,0.06,0.64,0.43,0.04,0.48
15,Arnau Ortiz,es ESP,"MF,FW",Eldense,22-128,2001,16,510,0,1,1,0.7,0.2,1.0,0.0,0.4,0.4,0.27,0.09,0.37
37,Eddie Salcedo,it ITA,FW,Calcio Lecco 1912,22-156,2001,19,518,2,1,3,2.7,0.30000000000000004,2.2,0.65,0.33,0.98,0.93,0.1,1.03
52,Giacomo Manzari,it ITA,FW,FeralpiSalò,23-166,2000,21,839,1,3,4,1.7,1.2,2.8,0.17,0.63,0.8,0.32,0.26,0.5800000000000001
60,Jovanny Bolívar,ve VEN,"FW,MF",Huesca,22-080,2001,13,257,0,0,0,0.5,0.0,0.5,0.0,0.0,0.0,0.31,0.01,0.32
65,Lauti,uy URU,"FW,MF",Cartagena,23-025,2001,14,472,0,0,0,1.5,0.0,1.5,0.0,0.0,0.0,0.6100000000000001,0.0,0.6100000000000001
67,Lorenzo Di Stefano,it ITA,FW,Calcio Lecco 1912,21-168,2002,16,715,1,2,3,2.4,1.2,2.8,0.15,0.29,0.44,0.35,0.18,0.52
70,Mamadou Fofana,fr FRA,MF,Amiens,23-170,2000,33,2303,0,0,0,0.5,0.1,0.6,0.0,0.0,0.0,0.11,0.02,0.14
72,Mandela Keita,be BEL,MF,Antwerp,21-300,2002,21,1548,0,2,2,0.3,1.2,1.6,0.0,0.12,0.12,0.02,0.07,0.1
76,Mateus Fernandes,pt POR,FW,Sporting CP,19-239,2004,20,1439,1,0,1,0.3,2.0,2.3,0.06,0.0,0.06,0.02,0.13,0.15
79,Matteo Stoppa,it ITA,"MF,FW",Catanzaro,23-160,2000,18,502,0,2,2,0.6,0.5,1.1,0.0,0.37,0.37,0.12,2.09,2.21
86,Nicholas Bonfanti,it ITA,FW,Modena,21-343,2002,18,744,4,0,4,3.2,0.4,3.6,1.02,0.0,1.02,0.81,0.08,0.8900000000000001
89,Norman Bassette,be BEL,FW,Caen,19-117,2004,14,534,3,0,3,2.0,0.7,2.7,0.51,0.0,0.51,0.34,0.12,0.46
93,Ousmane Camara,gn GUI,FW,Annecy,22-123,2001,17,639,3,1,4,3.5,1.1,4.5,1.03,0.38,1.41,1.18,0.38,1.55
100,Roko Baturina,hr CRO,FW,Racing Sant,23-259,2000,21,879,2,0,2,1.3,0.3,1.7000000000000002,0.25,0.0,0.25,0.22,0.04,0.26
104,Sacha Banse,bf BFA,MF,Valenciennes,22-355,2001,18,994,0,0,0,0.4,0.3,0.7,0.0,0.0,0.0,0.04,0.02,0.06
124,Úmaro Embaló,pt POR,"FW,MF",Cartagena,22-304,2001,21,844,1,1,2,0.8,0.9,1.6,0.3,0.17,0.47,0.16999999999999998,0.18,0.36
130,Xavier Amaechi,eng ENG,"FW,MF",Magdeburg,23-060,2001,13,682,1,1,2,0.7,2.3,3.0,0.13,0.13,0.26,0.09,0.3,0.39
137,Ilyas Ansah,de GER,"FW,MF",Paderborn 07,19-118,2004,15,829,1,1,2,1.3,0.8,2.1,0.11,0.11,0.22,0.14,0.09,0.23
139,Shinta Appelkamp,de GER,"MF,FW",Düsseldorf,23-125,2000,16,1051,1,7,8,0.9,2.3,3.2,0.09,0.6,0.69,0.08,0.19,0.27
150,Nick Bätzner,de GER,MF,Wehen,23-356,2000,18,1179,1,1,2,2.5,0.8,3.3,0.08,0.08,0.15,0.19,0.06,0.25
162,Filip Bilbija,de GER,"MF,FW",Paderborn 07,23-316,2000,17,1229,5,4,9,6.6,2.5,9.1,0.37,0.29,0.66,0.48,0.18,0.66
184,Jens Castrop,de GER,MF,Nürnberg,20-220,2003,18,1253,2,0,2,1.8,1.0,2.8,0.14,0.0,0.14,0.13,0.07,0.2
228,Yannik Engelhardt,de GER,MF,Düsseldorf,23-027,2001,21,1759,3,1,4,2.3,0.6,2.9,0.15,0.05,0.2,0.12,0.03,0.15
242,Florian Flick,de GER,MF,Nürnberg,23-309,2000,17,1427,2,1,3,0.5,1.0,1.5,0.13,0.06,0.19,0.03,0.06,0.09
260,Johan Gomez,us USA,"MF,FW",Braunschweig,22-226,2001,24,1612,2,2,4,4.0,1.8,5.7,0.11,0.11,0.22,0.22,0.1,0.32
278,Mattes Hansen,de GER,MF,Paderborn 07,19-295,2004,16,1089,2,0,2,0.7,0.6,1.3,0.17,0.0,0.17,0.06,0.05,0.11
307,Lee Hyunju,kr KOR,MF,Wehen,21-027,2003,22,1290,4,0,4,3.4,0.7,4.2,0.28,0.0,0.28,0.24,0.05,0.29
326,Þórir Jóhann Helgason,is ISL,MF,Braunschweig,23-159,2000,18,934,1,2,3,2.0,1.2,3.2,0.1,0.19,0.29,0.19,0.11,0.31
327,Ísak Jóhannesson,is ISL,"MF,FW",Düsseldorf,20-348,2003,20,1510,2,5,7,2.0,3.1,5.1,0.12,0.3,0.42,0.12,0.18,0.3
365,Ransford Königsdörffer,gh GHA,"MF,FW",Hamburger SV,22-174,2001,20,807,1,2,3,2.5,1.3,3.8,0.11,0.22,0.33,0.28,0.15,0.43
392,Tim Lemperle,de GER,FW,Greuther Fürth,22-029,2002,24,1839,4,4,8,4.5,2.6,7.1,0.2,0.2,0.39,0.22,0.13,0.35
393,Enzo Leopold,de GER,MF,Hannover 96,23-226,2000,22,1718,2,3,5,1.0,4.0,5.0,0.1,0.16,0.26,0.05,0.21,0.26
407,Igor Matanovic,hr CRO,FW,Karlsruher,20-340,2003,22,1495,10,4,14,6.8,2.0,8.7,0.6,0.24,0.84,0.41,0.12,0.52
412,Keke Maximilian Topp,de GER,"FW,MF",Schalke 04,19-346,2004,15,433,1,1,2,0.8,0.9,1.7,0.21,0.21,0.42,0.17,0.2,0.36
437,Paul Nebel,de GER,MF,Karlsruher,21-147,2002,24,1965,2,6,8,2.3,6.1,8.4,0.09,0.27,0.37,0.11,0.28,0.38
439,András Németh,hu HUN,"FW,MF",Hamburger SV,21-117,2002,21,297,0,0,0,2.1,0.5,2.6,0.0,0.0,0.0,0.64,0.16,0.8
448,Jona Niemiec,de GER,FW,Düsseldorf,22-168,2001,21,620,3,1,4,2.7,1.2,3.9,0.44,0.15,0.58,0.39,0.18,0.56
464,Juan Perea,co COL,FW,Hansa Rostock,24-011,2000,23,1139,4,0,4,4.8,1.5,6.3,0.32,0.0,0.32,0.38,0.12,0.5
465,Lukas Petkov,bg BUL,"MF,FW",Greuther Fürth,23-125,2000,20,592,0,0,0,1.2,0.3,1.5,0.0,0.0,0.0,0.18,0.04,0.23
467,Immanuel Pherai,nl NED,"MF,FW",Hamburger SV,22-315,2001,20,1398,3,4,7,3.1,4.6,7.7,0.19,0.26,0.45,0.2,0.29,0.49
468,Rayan Philippe,fr FRA,"FW,MF",Braunschweig,23-134,2000,15,836,4,2,6,4.7,2.7,7.4,0.43,0.22,0.65,0.51,0.29,0.8
484,Tobias Raschl,de GER,MF,Kaiserslautern,24-013,2000,20,1401,1,2,3,0.7,2.3,3.0,0.06,0.13,0.19,0.04,0.15,0.19
489,Ludovit Reis,nl NED,MF,Hamburger SV,23-278,2000,15,921,2,2,4,1.3,1.0,2.3,0.2,0.2,0.39,0.13,0.1,0.23
515,Derry Scherhant,de GER,"FW,MF",Hertha BSC,21-116,2002,19,614,2,0,2,2.1,0.3,2.4,0.29,0.0,0.29,0.3,0.05,0.35
526,Armindo Sieb,de GER,"FW,MF",Greuther Fürth,21-017,2003,23,1413,9,1,10,4.8,2.4,7.2,0.57,0.06,0.64,0.31,0.15,0.46
557,Nicolo Tresoldi,de GER,FW,Hannover 96,19-198,2004,20,1158,6,2,8,5.5,0.7,6.1,0.47,0.16,0.62,0.42,0.05,0.48
559,Christos Tzolis,gr GRE,"FW,MF",Düsseldorf,22-035,2002,21,1578,13,3,16,10.7,3.2,10.8,0.74,0.17,0.91,0.61,0.18,0.79
571,Robert Wagner,de GER,MF,Greuther Fürth,20-235,2003,23,1867,1,4,5,0.8,0.9,1.8,0.05,0.19,0.24,0.04,0.05,0.09
574,Paul Wanner,de GER,"MF,FW",Elversberg,18-073,2005,18,966,4,2,6,2.3,0.8,3.1,0.37,0.19,0.56,0.21,0.08,0.29
580,Marten Winkler,de GER,FW,Hertha BSC,21-126,2002,22,1122,2,3,5,2.7,0.9,3.6,0.16,0.24,0.4,0.22,0.07,0.29
582,Can Yılmaz Uzun,tr TUR,"MF,FW",Nürnberg,18-115,2005,21,1366,12,1,13,7.1,1.7,5.6,0.79,0.07,0.86,0.47,0.11,0.58
609,Mohamed El Amine Amoura,dz ALG,FW,Union SG,23-301,2000,22,1360,17,2,19,10.6,2.2,12.0,1.13,0.13,1.26,0.7,0.14,0.84
616,Tolu Arokodare,ng NGA,FW,Genk,23-103,2000,27,1162,8,2,10,10.3,1.8,11.3,0.62,0.15,0.77,0.79,0.14,0.94
627,Youssouph Badji,sn SEN,"FW,MF",Charleroi,22-076,2001,18,777,0,0,0,2.7,0.4,3.1,0.0,0.0,0.0,0.31,0.05,0.36
630,Brandon Baiye,be BEL,MF,Eupen,23-069,2000,26,1903,1,0,1,1.0,0.8,1.8,0.05,0.0,0.05,0.05,0.04,0.09
631,Michel-Ange Balikwisha,be BEL,"FW,MF",Antwerp,22-300,2001,21,1619,5,5,10,4.3,3.9,8.3,0.28,0.28,0.56,0.24,0.22,0.46
633,Ezechiel Banzuzi,nl NED,MF,OH Leuven,19-018,2005,25,1590,2,0,2,2.1,1.6,3.7,0.11,0.0,0.11,0.12,0.09,0.21
635,Joselpho Barnes,gh GHA,"FW,MF",Sint-Truiden,22-084,2001,22,363,1,0,1,3.0,0.2,3.2,0.25,0.0,0.25,0.74,0.04,0.78
652,Christopher Bonsu Baah,gh GHA,FW,Genk,19-082,2004,25,1030,1,1,2,2.0,2.5,4.4,0.09,0.09,0.17,0.17,0.22,0.39
657,Jonatan Braut Brunes,no NOR,FW,OH Leuven,23-211,2000,22,908,3,1,4,3.2,0.6,3.8,0.3,0.1,0.4,0.32,0.05,0.37
686,Isaak Davies,wls WAL,FW,Kortrijk,22-162,2001,24,1559,7,0,7,3.5,0.2,3.7,0.4,0.0,0.4,0.21,0.01,0.22
693,Nils De Wilde,be BEL,MF,Cercle Brugge,21-038,2003,17,722,0,1,1,0.3,0.5,0.8,0.0,0.12,0.12,0.03,0.07,0.1
702,Mathias Delorge,be BEL,MF,Sint-Truiden,19-218,2004,28,2479,1,2,3,1.1,1.3,2.4,0.04,0.07,0.11,0.04,0.05,0.09
704,Kevin Denkey,tg TOG,FW,Cercle Brugge,23-096,2000,26,2314,22,0,22,18.0,2.7,18.3,0.86,0.0,0.86,0.7,0.1,0.81
722,Pierre Dwomoh,be BEL,MF,RWD Molenbeek,19-258,2004,26,2099,1,1,2,1.2,1.8,3.0,0.04,0.04,0.09,0.05,0.08,0.13
728,Jurgen Ekkelenkamp,nl NED,MF,Antwerp,23-335,2000,27,1934,5,1,6,6.9,2.7,9.6,0.23,0.05,0.28,0.32,0.13,0.45
730,Alieu Fadera,gm GAM,FW,Genk,22-123,2001,16,965,3,1,4,2.5,5.2,7.8,0.28,0.09,0.37,0.24,0.49,0.73
746,Matija Frigan,hr CRO,FW,Westerlo,21-023,2003,21,945,4,0,4,0.0,0.0,0.0,0.38,0.0,0.38,0.0,0.0,0.0
748,Joel Fujita,jp JPN,MF,Sint-Truiden,22-018,2002,19,869,1,0,1,0.9,0.8,1.7,0.1,0.0,0.1,0.1,0.08,0.18
749,Matías Galarza,ar ARG,MF,Genk,22-001,2002,20,1281,1,0,1,1.3,1.6,2.9,0.07,0.0,0.07,0.09,0.11,0.2
750,Omri Gandelman,il ISR,MF,Gent,23-294,2000,20,635,2,3,5,1.4,1.2,2.6,0.28,0.43,0.71,0.2,0.17,0.37
753,Yann Gboho,fr FRA,"MF,FW",Cercle Brugge,23-051,2001,20,1383,0,3,3,3.6,3.0,6.5,0.0,0.2,0.2,0.23,0.19,0.42
760,Parfait Guiagon,ci CIV,"MF,FW",Charleroi,23-012,2001,21,1204,5,2,7,1.9,1.4,3.3,0.37,0.15,0.52,0.14,0.11,0.25
767,Dogucan Haspolat,tr TUR,MF,Westerlo,24-023,2000,16,373,0,0,0,0.1,0.1,0.1,0.0,0.0,0.0,0.01,0.01,0.03
784,George Ilenikhena,fr FRA,FW,Antwerp,17-202,2006,26,796,7,0,7,5.0,0.8,5.8,0.79,0.0,0.79,0.56,0.1,0.66
795,Abdelkahar Kadri,dz ALG,"MF,FW",Kortrijk,23-255,2000,25,2131,4,3,7,5.2,3.9,8.3,0.17,0.13,0.3,0.22,0.17,0.39
803,Amadou Keita,gn GUI,"MF,FW",Eupen,22-129,2001,22,1256,1,1,2,1.5,0.6,2.1,0.07,0.07,0.14,0.1,0.04,0.15
805,Bilal El Khannouss,ma MAR,"MF,FW",Genk,19-300,2004,25,2007,3,5,8,2.1,7.0,9.0,0.13,0.22,0.36,0.09,0.31,0.41
820,Félix Lemaréchal,fr FRA,"MF,FW",Cercle Brugge,20-211,2003,19,1512,0,4,4,2.2,3.6,5.8,0.0,0.24,0.24,0.13,0.21,0.35
821,Theo Leoni,be BEL,MF,Anderlecht,23-319,2000,26,1781,3,7,10,1.9,2.7,4.6,0.15,0.35,0.51,0.1,0.13,0.23
830,Nicolas Madsen,dk DEN,MF,Westerlo,23-354,2000,25,1931,12,0,12,8.2,3.7,5.6,0.56,0.0,0.56,0.38,0.17,0.55
844,Pathé Mboup,sn SEN,FW,RWD Molenbeek,20-192,2003,18,717,2,2,4,0.0,0.0,0.0,0.25,0.25,0.5,0.0,0.0,0.0
857,Alan Minda,ec ECU,"FW,MF",Cercle Brugge,20-296,2003,26,1332,6,5,11,3.9,3.6,7.5,0.41,0.34,0.74,0.26,0.24,0.51
869,Ngal'Ayel Mukau,be BEL,MF,Mechelen,19-096,2004,14,991,0,0,0,0.1,0.1,0.2,0.0,0.0,0.0,0.01,0.01,0.02
884,Nachon Nsingi,be BEL,"FW,MF",OH Leuven,22-316,2001,25,1202,1,3,4,2.3,1.6,3.8,0.07,0.22,0.3,0.17,0.12,0.29
886,Isaac Nuhu,gh GHA,FW,Eupen,21-257,2002,28,2165,4,2,6,7.3,2.8,10.1,0.17,0.08,0.25,0.3,0.12,0.42
888,Antonio Nusa,no NOR,FW,Club Brugge,18-323,2005,19,978,3,3,6,2.9,2.7,5.5,0.28,0.28,0.55,0.26,0.24,0.51
892,Noah Ohio,nl NED,FW,Standard Liège,21-049,2003,14,317,0,0,0,1.1,0.2,1.2,0.0,0.0,0.0,0.3,0.05,0.35
895,Kazeem Olaigbe,be BEL,"FW,MF",Cercle Brugge,21-063,2003,20,606,3,0,3,2.2,1.5,3.8,0.45,0.0,0.45,0.33,0.22,0.56
897,Raphael Onyedika,ng NGA,MF,Club Brugge,22-321,2001,20,1492,0,0,0,0.4,0.3,0.6,0.0,0.0,0.0,0.02,0.02,0.04
898,Nathan Opoku,gh GHA,FW,OH Leuven,22-227,2001,16,777,1,1,2,1.5,0.9,1.6,0.12,0.12,0.23,0.17,0.1,0.27
900,Gift Orban,ng NGA,"FW,MF",Gent,21-232,2002,17,830,3,0,3,4.4,0.7,5.1,0.33,0.0,0.33,0.48,0.07,0.55
903,Luca Oyen,be BEL,"FW,MF",Genk,20-357,2003,14,600,1,1,2,1.7,0.4,2.1,0.15,0.15,0.3,0.25,0.06,0.31
918,Arthur Piedfort,be BEL,MF,Westerlo,19-033,2005,15,1291,0,1,1,0.3,1.2,1.5,0.0,0.07,0.07,0.02,0.08,0.11
936,Kevin Rodríguez,ec ECU,FW,Union SG,24-001,2000,14,442,3,2,5,3.1,1.1,3.4,0.61,0.41,1.02,0.63,0.22,0.84
943,Noah Sadiki,be BEL,MF,Union SG,19-079,2004,26,1055,0,1,1,0.9,0.8,1.7,0.0,0.09,0.09,0.07,0.07,0.14
961,Florent da Silva,fr FRA,MF,RWD Molenbeek,20-338,2003,13,503,2,0,2,0.6,0.5,1.1,0.36,0.0,0.36,0.11,0.09,0.2
975,Yira Sor,ng NGA,FW,Genk,23-225,2000,19,1024,6,1,7,7.5,2.2,9.7,0.53,0.09,0.62,0.66,0.19,0.85
977,Kamal Sowah,gh GHA,"FW,MF",Standard Liège,24-056,2000,20,1180,2,0,2,2.5,1.1,3.6,0.15,0.0,0.15,0.19,0.08,0.27
979,Lucas Stassin,be BEL,"FW,MF",Westerlo,19-098,2004,18,864,6,1,7,2.8,0.9,3.7,0.62,0.1,0.73,0.29,0.1,0.39
980,Jarne Steuckers,be BEL,"MF,FW",Sint-Truiden,22-030,2002,27,2261,4,6,10,3.9,6.4,9.5,0.16,0.24,0.4,0.16,0.25,0.41
982,Mario Stroeykens,be BEL,"MF,FW",Anderlecht,19-158,2004,26,1545,4,2,6,1.5,2.5,4.0,0.23,0.12,0.35,0.09,0.15,0.24
983,Nikola Štulić,rs SRB,"FW,MF",Charleroi,22-179,2001,13,426,1,0,1,1.8,0.3,2.1,0.21,0.0,0.21,0.39,0.06,0.45
988,Youssuf Sylla,be BEL,FW,Charleroi,21-077,2002,14,580,2,0,2,1.4,0.0,1.4,0.31,0.0,0.31,0.21,0.0,0.22
993,Thiago,br BRA,FW,Club Brugge,22-253,2001,25,1750,16,2,18,16.2,3.0,13.7,0.82,0.1,0.93,0.83,0.16,0.99
1002,Kyan Vaesen,be BEL,FW,Westerlo,22-327,2001,13,484,0,1,1,1.8,0.6,2.4,0.0,0.19,0.19,0.33,0.11,0.44
1006,Thomas Van den Keybus,be BEL,"MF,FW",Westerlo,22-315,2001,24,1228,1,2,3,1.7,1.5,3.2,0.07,0.15,0.22,0.12,0.11,0.23
1022,Luis Vázquez,ar ARG,FW,Anderlecht,23-041,2001,26,608,7,1,8,5.8,0.8,5.9,1.04,0.15,1.18,0.86,0.12,0.99
1023,Arthur Vermeeren,be BEL,MF,Antwerp,19-027,2005,21,1870,1,3,4,1.5,2.1,3.7,0.05,0.14,0.19,0.07,0.1,0.18
1024,Yari Verschaeren,be BEL,"MF,FW",Anderlecht,22-237,2001,13,852,0,5,5,0.5,1.8,2.2,0.0,0.53,0.53,0.05,0.19,0.24
1026,Hugo Vetlesen,no NOR,MF,Club Brugge,24-005,2000,26,1704,1,1,2,1.8,1.3,3.1,0.05,0.05,0.11,0.09,0.07,0.16
1034,Rihito Yamamoto,jp JPN,"MF,FW",Sint-Truiden,22-084,2001,27,729,0,0,0,0.7,0.7,1.4,0.0,0.0,0.0,0.09,0.09,0.17
1039,Griffin Yow,us USA,FW,Westerlo,21-162,2002,18,1336,6,2,8,4.1,1.6,5.7,0.4,0.13,0.54,0.28,0.11,0.38
1040,Alhassan Yusuf,ng NGA,MF,Antwerp,23-231,2000,18,917,0,2,2,0.6,0.7,1.3,0.0,0.2,0.2,0.06,0.07,0.13
1041,Kahveh Zahiroleslam,us USA,FW,Sint-Truiden,21-266,2002,16,1102,4,1,5,3.4,1.3,4.7,0.33,0.08,0.41,0.28,0.1,0.38
1044,Adem Zorgane,dz ALG,MF,Charleroi,24-059,2000,22,1803,2,4,6,1.7,5.8,7.5,0.1,0.2,0.3,0.08,0.29,0.37
1050,Martin Adeline,fr FRA,MF,Annecy,20-094,2003,18,1294,1,0,1,0.6,0.4,1.0,0.07,0.0,0.07,0.04,0.03,0.07
1065,Taïryk Arconte,fr FRA,FW,Rodez Aveyron,20-114,2003,18,724,5,1,6,4.3,0.2,4.5,0.62,0.12,0.75,0.53,0.03,0.56
1067,Kouadou Assoumou,fr FRA,FW,Troyes,21-140,2002,13,862,4,2,6,2.5,1.6,4.1,0.42,0.21,0.63,0.26,0.17,0.43
1084,Enzo Bardeli,fr FRA,"MF,FW",Dunkerque,22-329,2001,27,2072,3,2,5,2.2,3.8,6.0,0.13,0.09,0.22,0.1,0.16,0.26
1085,Gabriel Bares,ch SUI,MF,US Concarneau,23-189,2000,18,1100,0,1,1,0.7,2.1,2.8,0.0,0.08,0.08,0.05,0.17,0.23
1100,Zakaria Bengueddoudj,fr FRA,"MF,FW",Annecy,24-013,2000,14,303,0,0,0,0.2,0.2,0.4,0.0,0.0,0.0,0.07,0.05,0.12
1107,Florian Bianchini,fr FRA,"FW,MF",Bastia,22-254,2001,17,578,1,2,3,1.4,1.3,2.7,0.16,0.31,0.47,0.22,0.2,0.42
1125,Benjamin Bouchouari,ma MAR,MF,Saint-Étienne,22-113,2001,24,1534,0,0,0,1.2,0.8,2.0,0.0,0.0,0.0,0.07,0.05,0.12
1130,Aymen Boutoutaou,fr FRA,"MF,FW",Valenciennes,23-016,2001,22,1379,4,1,5,4.4,2.7,6.3,0.26,0.07,0.33,0.29,0.18,0.46
1132,Bilal Brahimi,fr FRA,"FW,MF",Caen,23-343,2000,19,1253,1,1,2,1.9,1.4,3.3,0.07,0.07,0.14,0.14,0.1,0.24
1142,Mamadou Camara,fr FRA,"MF,FW",Quevilly-Rouen,23-027,2001,25,1362,4,3,7,1.5,3.6,5.1,0.26,0.2,0.46,0.1,0.24,0.34
1150,Nassim Chadli,fr FRA,"MF,FW",US Concarneau,22-221,2001,18,1252,3,2,5,3.6,1.6,4.5,0.22,0.14,0.36,0.26,0.12,0.38
1173,Killian Corredor,fr FRA,FW,Rodez Aveyron,23-122,2000,27,2197,8,5,13,8.9,2.9,11.8,0.33,0.2,0.53,0.37,0.12,0.48
1187,Zuriko Davitashvili,ge GEO,"FW,MF",Bordeaux,23-019,2001,26,1762,3,3,6,6.4,2.7,9.1,0.15,0.15,0.31,0.32,0.14,0.46
1191,Logan Delaurier Chaubet,fr FRA,"MF,FW",Quevilly-Rouen,21-318,2002,22,1427,4,3,7,3.7,1.9,4.8,0.25,0.19,0.44,0.23,0.12,0.35
1209,Alan Do Marcolino,ga GAB,"FW,MF",Quevilly-Rouen,21-352,2002,15,271,0,0,0,1.0,0.0,1.0,0.0,0.0,0.0,0.33,0.01,0.34
1210,Kyliane Dong,fr FRA,"FW,MF",Troyes,19-160,2004,22,1662,1,2,3,1.5,2.3,3.8,0.05,0.11,0.16,0.08,0.12,0.2
1212,Lohann Doucet,fr FRA,MF,Paris FC,21-173,2002,18,1129,0,0,0,0.4,0.7,1.1,0.0,0.0,0.0,0.04,0.05,0.09
1245,Owen Géne,fr FRA,MF,Amiens,20-352,2003,23,1308,0,2,2,0.2,0.9,1.1,0.0,0.14,0.14,0.01,0.06,0.08
1262,Giovanni Haag,fr FRA,MF,Rodez Aveyron,23-280,2000,24,1776,2,2,4,0.7,1.9,2.6,0.1,0.1,0.2,0.04,0.1,0.13
1264,Ilyes Hamache,fr FRA,"FW,MF",Valenciennes,21-023,2003,23,1172,2,1,3,2.0,0.5,2.5,0.15,0.08,0.23,0.15,0.04,0.19
1266,Ben Hamed Touré,ci CIV,"FW,MF",Ajaccio,20-197,2003,21,690,4,2,6,3.1,1.1,4.2,0.52,0.26,0.78,0.4,0.14,0.54
1274,Andreas Hountondji,bj BEN,FW,Rodez Aveyron,21-238,2002,24,1575,10,3,13,9.3,3.0,12.3,0.57,0.17,0.74,0.53,0.17,0.7
1296,Lenny Joseph,fr FRA,FW,Grenoble,23-145,2000,27,2102,3,4,7,7.5,4.5,12.0,0.13,0.17,0.3,0.32,0.19,0.51
1301,Junior Kadile,fr FRA,"MF,FW",Stade Laval,21-080,2002,26,1115,2,1,3,3.3,1.2,4.6,0.16,0.08,0.24,0.27,0.1,0.37
1307,Nordine Kandil,fr FRA,"FW,MF",Annecy,22-126,2001,26,1841,0,7,7,1.6,4.6,6.2,0.0,0.34,0.34,0.08,0.23,0.3
1308,Abdoulaye Kanté,fr FRA,MF,Troyes,18-240,2005,16,1393,0,0,0,0.5,0.7,1.2,0.0,0.0,0.0,0.03,0.04,0.08
1317,David Kjær Kruse,dk DEN,MF,Valenciennes,21-295,2002,20,1387,1,0,1,0.8,0.5,1.3,0.06,0.0,0.06,0.05,0.03,0.08
1329,Godson Kyeremeh,fr FRA,"MF,FW",Caen,23-265,2000,27,1379,2,7,9,2.0,3.3,5.3,0.13,0.46,0.59,0.13,0.22,0.35
1331,Rémy Labeau Lascary,gp GLP,"MF,FW",Stade Laval,21-002,2003,24,1350,2,2,4,3.1,1.7,4.7,0.13,0.13,0.27,0.2,0.11,0.32
1334,Mohamed Lamine Diaby,fr FRA,FW,Paris FC,23-046,2001,20,758,3,0,3,5.8,0.2,6.1,0.36,0.0,0.36,0.69,0.03,0.72
1341,Noé Lebreton,fr FRA,MF,Caen,20-012,2004,17,950,0,1,1,0.2,0.4,0.6,0.0,0.09,0.09,0.02,0.04,0.06
1369,Eros Maddy,nl NED,"FW,MF",Auxerre,23-029,2001,13,119,0,0,0,0.1,0.0,0.1,0.0,0.0,0.0,0.1,0.0,0.1
1386,Jean Mattéo Bahoya,fr FRA,"MF,FW",Angers,18-303,2005,19,722,5,2,7,1.8,1.8,3.6,0.62,0.25,0.87,0.23,0.22,0.45
1415,Baptiste Mouazan,fr FRA,"MF,FW",US Concarneau,22-160,2001,27,1920,3,1,4,2.0,2.2,4.2,0.14,0.05,0.19,0.09,0.1,0.2
1416,Aimen Moueffek,fr FRA,MF,Saint-Étienne,22-331,2001,23,1042,2,1,3,1.8,1.6,3.4,0.17,0.09,0.26,0.16,0.13,0.29
1417,Louis Mouton,fr FRA,"MF,FW",Pau FC,21-276,2002,22,1465,0,3,3,0.7,2.0,2.7,0.0,0.18,0.18,0.04,0.13,0.17
1427,Papa Ndiaga Yade,sn SEN,MF,Quevilly-Rouen,24-060,2000,25,1072,3,2,5,1.8,3.6,5.3,0.25,0.17,0.42,0.15,0.3,0.45
1428,Noha Ndombasi Nlandu,fr FRA,"FW,MF",US Concarneau,22-312,2001,21,883,2,1,3,1.8,0.8,2.5,0.2,0.1,0.31,0.18,0.08,0.26
1441,Samuel Ntamack,cm CMR,FW,Annecy,22-313,2001,23,1004,9,0,9,6.2,0.3,4.1,0.81,0.0,0.81,0.56,0.03,0.58
1445,Junior Olaitan,bj BEN,"FW,MF",Troyes,21-301,2002,14,484,0,0,0,0.5,1.1,1.6,0.0,0.0,0.0,0.09,0.2,0.29
1449,Ángel Orelién,pa PAN,"FW,MF",Dunkerque,22-338,2001,16,504,2,0,2,2.4,0.3,1.1,0.36,0.0,0.36,0.43,0.05,0.48
1453,Amine El Ouazzani,ma MAR,FW,Guingamp,22-234,2001,27,2168,7,5,12,8.8,3.2,11.2,0.29,0.21,0.5,0.37,0.13,0.5
1455,Zinédine Ould Khaled,fr FRA,MF,Angers,24-051,2000,14,481,0,1,1,0.7,0.1,0.7,0.0,0.19,0.19,0.12,0.01,0.14
1471,Alexandre Phliponeau,fr FRA,MF,US Concarneau,24-039,2000,22,1786,0,1,1,0.5,0.5,0.9,0.0,0.05,0.05,0.02,0.02,0.05
1472,Hugo Picard,fr FRA,"MF,FW",Guingamp,20-301,2003,25,1296,2,2,4,1.1,3.2,4.2,0.14,0.14,0.28,0.07,0.22,0.29
1473,Balthazar Pierret,fr FRA,MF,Quevilly-Rouen,23-295,2000,22,1830,1,0,1,1.3,0.9,2.2,0.05,0.0,0.05,0.07,0.04,0.11
1476,Alexi Pitu,ro ROU,"FW,MF",Bordeaux,22-032,2002,16,411,1,2,3,0.3,1.4,1.7,0.22,0.44,0.66,0.07,0.3,0.37
1480,Virgiliu Postolachi,md MDA,FW,Grenoble,23-354,2000,27,1102,3,0,3,3.8,2.2,6.0,0.25,0.0,0.25,0.31,0.18,0.49
1503,Rafiki Said,km COM,"FW,MF",Troyes,23-356,2000,27,1899,8,3,11,5.7,1.4,5.5,0.38,0.14,0.52,0.27,0.07,0.34
1516,Mohamed Sbai,fr FRA,"FW,MF",Grenoble,23-121,2000,26,1511,6,3,9,6.3,5.9,11.4,0.36,0.18,0.54,0.38,0.35,0.73
1523,Issouf Sissokho,ml MLI,MF,Bordeaux,22-035,2002,21,913,0,0,0,0.5,0.3,0.8,0.0,0.0,0.0,0.05,0.03,0.08
1528,Jacques Siwe,fr FRA,"FW,MF",Guingamp,22-220,2001,18,157,0,0,0,0.4,0.1,0.5,0.0,0.0,0.0,0.22,0.05,0.28
1534,Sambou Soumano,sn SEN,FW,Quevilly-Rouen,23-062,2001,26,1981,11,1,12,7.8,2.0,9.8,0.5,0.05,0.55,0.35,0.09,0.44
1546,Waniss Taibi,fr FRA,MF,Rodez Aveyron,21-364,2002,27,1516,1,3,4,1.6,2.1,3.7,0.06,0.18,0.24,0.09,0.13,0.22
1548,Abdoul-Fessal Tapsoba,bf BFA,"FW,MF",Amiens,22-195,2001,15,501,0,1,1,0.9,0.3,1.2,0.0,0.18,0.18,0.16,0.05,0.21
1556,Titouan Thomas,fr FRA,MF,Stade Laval,22-049,2002,21,568,0,1,1,0.6,0.3,0.9,0.0,0.16,0.16,0.09,0.05,0.15
1558,Félix Tomi,fr FRA,"FW,MF",Bastia,23-187,2000,13,165,1,1,2,0.8,0.2,0.2,0.55,0.55,1.09,0.43,0.13,0.56
1560,Saikou Touray,gm GAM,MF,Grenoble,23-273,2000,14,470,2,1,3,0.8,1.1,1.9,0.38,0.19,0.57,0.15,0.2,0.36
1580,Žan Vipotnik,si SVN,FW,Bordeaux,21-353,2002,26,1640,8,1,9,8.8,1.5,9.5,0.44,0.05,0.49,0.48,0.08,0.56
1588,Wilitty Younoussa,cm CMR,MF,Rodez Aveyron,22-178,2001,25,1429,2,1,3,1.5,1.3,2.8,0.13,0.06,0.19,0.09,0.08,0.18
1599,Alan,br BRA,"MF,FW",Moreirense,23-363,2000,24,1799,3,4,7,3.4,3.1,5.7,0.15,0.2,0.35,0.17,0.16,0.33
1610,Jeremy Antonisse,cw CUW,"FW,MF",Moreirense,21-342,2002,18,377,0,0,0,0.6,0.8,1.4,0.0,0.0,0.0,0.15,0.19,0.34
1612,Óscar Aranda,es ESP,"FW,MF",Famalicão,21-311,2002,14,565,1,0,1,0.6,0.5,1.2,0.16,0.0,0.16,0.1,0.08,0.19
1613,Henrique Araújo,pt POR,FW,Famalicão,22-046,2002,17,580,0,0,0,0.7,0.8,1.4,0.0,0.0,0.0,0.1,0.12,0.22
1617,Gustavo Assuncao,pt POR,MF,Famalicão,23-341,2000,14,539,0,0,0,0.1,0.2,0.3,0.0,0.0,0.0,0.01,0.03,0.04
1624,Daniel Bandeira,pt POR,MF,Vitória,23-329,2000,16,705,1,2,3,0.3,0.8,1.1,0.13,0.26,0.38,0.04,0.1,0.14
1630,Bachir Belloumi,dz ALG,"FW,MF",Farense,21-278,2002,23,1365,5,2,7,3.1,1.5,4.6,0.33,0.13,0.46,0.2,0.1,0.3
1631,Beni,ao ANG,MF,Casa Pia,21-289,2002,19,1134,0,1,1,0.1,0.2,0.2,0.0,0.08,0.08,0.01,0.01,0.02
1632,Benny,pt POR,"MF,FW",Chaves,23-344,2000,21,847,1,0,1,0.8,1.6,2.5,0.11,0.0,0.11,0.09,0.18,0.26
1638,Gonçalo Borges,pt POR,"MF,FW",Porto,22-342,2001,13,271,0,2,2,0.2,2.2,2.4,0.0,0.66,0.66,0.08,0.72,0.8
1671,Martim Carvalho,pt POR,MF,Gil Vicente FC,21-051,2003,21,1395,0,2,2,0.4,0.9,1.3,0.0,0.13,0.13,0.03,0.06,0.09
1673,Facundo Cáseres,ar ARG,MF,Farense,22-282,2001,15,727,0,0,0,0.1,0.1,0.2,0.0,0.0,0.0,0.01,0.01,0.02
1678,Tidjany Chabrol,fr FRA,FW,Gil Vicente FC,21-234,2002,19,708,2,0,2,1.5,0.6,2.1,0.25,0.0,0.25,0.19,0.08,0.27
1683,Francisco Conceição,pt POR,"FW,MF",Porto,21-082,2002,17,1028,3,3,6,3.3,3.4,6.7,0.26,0.26,0.53,0.29,0.3,0.59
1686,Félix Correia,pt POR,FW,Gil Vicente FC,23-043,2001,20,1451,4,2,6,3.2,1.8,5.0,0.25,0.12,0.37,0.2,0.11,0.31
1730,Tiago Fonseca Morais,pt POR,"FW,MF",Boavista,20-184,2003,17,1374,6,2,8,2.8,2.8,4.9,0.39,0.13,0.52,0.19,0.19,0.37
1735,Gonçalo Franco,pt POR,MF,Moreirense,23-109,2000,23,1925,0,3,3,1.3,2.6,3.9,0.0,0.14,0.14,0.06,0.12,0.18
1745,Mory Gbane,ci CIV,MF,Gil Vicente FC,23-071,2000,19,1129,0,0,0,0.7,0.1,0.8,0.0,0.0,0.0,0.05,0.01,0.06
1757,Nicolás González,es ESP,MF,Porto,22-062,2002,15,874,0,1,1,1.6,0.7,2.4,0.0,0.1,0.1,0.17,0.08,0.24
1769,Tomás Händel,pt POR,MF,Vitória,23-099,2000,22,1783,1,1,2,1.3,1.1,2.4,0.05,0.05,0.1,0.06,0.06,0.12
1775,André Inácio,br BRA,"FW,MF",Estrela,22-011,2002,18,670,2,0,2,3.5,0.6,4.0,0.27,0.0,0.27,0.47,0.07,0.54
1782,Ivan Jaime Pajuelo,es ESP,"MF,FW",Porto,23-161,2000,16,449,1,0,1,1.0,0.5,1.5,0.2,0.0,0.2,0.19,0.11,0.3
1786,Sylvester Jasper,bg BUL,"FW,MF",Portimonense,22-174,2001,22,1577,2,2,4,2.9,2.0,5.0,0.11,0.11,0.23,0.17,0.12,0.28
1794,Samuel Justo,pt POR,MF,Casa Pia,19-338,2004,14,477,1,0,1,0.6,0.1,0.7,0.19,0.0,0.19,0.11,0.03,0.13
1802,Orkun Kökçü,tr TUR,MF,Benfica,23-067,2000,18,1295,2,6,8,2.6,4.6,7.2,0.14,0.42,0.56,0.18,0.32,0.5
1805,Matías Lacava,ve VEN,"FW,MF",Vizela,21-133,2002,14,989,0,2,2,0.9,1.3,2.2,0.0,0.18,0.18,0.08,0.12,0.2
1848,Alejandro Marqués,ve VEN,FW,Estoril,23-214,2000,23,1149,9,1,10,6.5,0.7,6.4,0.7,0.08,0.78,0.51,0.06,0.56
1851,João Marques,pt POR,"MF,FW",Estoril,22-021,2002,23,1612,5,4,9,3.9,2.1,6.0,0.28,0.22,0.5,0.22,0.12,0.34
1880,Diogo Nascimento,pt POR,MF,Vizela,21-124,2002,24,1572,0,1,1,1.0,0.6,1.6,0.0,0.06,0.06,0.06,0.03,0.09
1885,Regis Ndo,ml MLI,"FW,MF",Estrela,23-009,2001,14,573,1,1,2,1.1,1.0,2.1,0.16,0.16,0.31,0.17,0.16,0.33
1892,João Neves,pt POR,MF,Benfica,19-160,2004,24,1705,2,1,3,1.1,1.3,2.4,0.11,0.05,0.16,0.06,0.07,0.13
1945,Miguel Puche García,es ESP,"FW,MF",Arouca,22-310,2001,16,200,0,0,0,0.3,0.4,0.6,0.0,0.0,0.0,0.12,0.17,0.29
1967,Ronald,br BRA,"MF,FW",Estrela,22-265,2001,17,1319,1,2,3,2.0,2.8,4.8,0.07,0.14,0.2,0.14,0.19,0.33
1970,Abel Ruiz,es ESP,"FW,MF",Braga,24-037,2000,21,1341,3,1,4,5.2,1.2,6.4,0.2,0.07,0.27,0.35,0.08,0.43
1972,Gustavo sá,pt POR,MF,Famalicão,19-115,2004,18,1217,2,3,5,1.8,1.2,2.9,0.15,0.22,0.37,0.13,0.08,0.21
1980,Leandro Sanca,gw GNB,"FW,MF",Chaves,24-061,2000,22,1144,0,3,3,1.3,1.7,3.0,0.0,0.24,0.24,0.1,0.13,0.24
1984,Pedro Santos,pt POR,MF,Arouca,23-145,2000,18,736,1,0,1,0.4,0.6,1.0,0.12,0.0,0.12,0.04,0.08,0.12
2023,Martim Tavares,pt POR,"FW,MF",Boavista,20-116,2003,15,281,1,1,2,0.8,0.2,1.0,0.32,0.32,0.64,0.26,0.06,0.32
2027,Casper Tengstedt,dk DEN,FW,Benfica,23-278,2000,13,499,3,1,4,3.6,1.7,5.3,0.54,0.18,0.72,0.65,0.31,0.96
2029,Mirko Topić,rs SRB,MF,Famalicão,23-029,2001,21,1471,0,0,0,0.8,0.3,1.2,0.0,0.0,0.0,0.05,0.02,0.07
2034,Alan Varela,ar ARG,MF,Porto,22-245,2001,20,1457,2,2,4,1.3,1.6,2.8,0.12,0.12,0.25,0.08,0.1,0.18
2037,Hélio Varela,cv CPV,"FW,MF",Portimonense,21-307,2002,23,1870,5,1,6,3.1,1.4,4.5,0.24,0.05,0.29,0.15,0.07,0.22
2041,Bruno Ventura,pt POR,"FW,MF",Rio Ave,23-007,2001,13,520,0,0,0,0.9,2.1,3.0,0.0,0.0,0.0,0.16,0.36,0.52
2043,Paulo Victor,br BRA,FW,Chaves,22-350,2001,17,702,1,1,2,1.1,0.6,1.7,0.13,0.13,0.26,0.15,0.07,0.22
2070,Emmanuel Addai,gh GHA,"FW,MF",Alcorcón,22-217,2001,24,1546,3,3,6,3.3,1.8,5.1,0.17,0.17,0.35,0.19,0.1,0.29
2072,Marc Aguado,es ESP,MF,Zaragoza,24-012,2000,26,1856,0,1,1,0.0,0.4,0.4,0.0,0.05,0.05,0.0,0.02,0.02
2078,Jony Álamo,es ESP,MF,Cartagena,22-162,2001,17,544,0,1,1,0.1,1.0,1.1,0.0,0.17,0.17,0.02,0.17,0.19
2089,Rodri Alonso,es ESP,MF,Villarreal B,21-061,2003,24,1113,0,0,0,0.0,0.0,0.0,0.0,0.0,0.0,0.0,0.0,0.0
2092,Carlos Álvarez,es ESP,MF,Levante,20-212,2003,17,1056,3,1,4,1.3,1.7,3.0,0.26,0.09,0.34,0.11,0.15,0.26
2114,Juan Artola,es ESP,"FW,MF",Alcorcón,23-333,2000,25,726,0,0,0,1.0,0.8,1.9,0.0,0.0,0.0,0.13,0.1,0.23
2117,Iván Ayllón,es ESP,"FW,MF",Cartagena,22-306,2001,14,467,2,0,2,1.6,0.2,1.8,0.39,0.0,0.39,0.31,0.04,0.34
2163,Álex Calvo,es ESP,FW,FC Andorra,20-014,2004,24,1118,1,2,3,2.0,2.1,4.0,0.08,0.16,0.24,0.16,0.17,0.33
2167,Gaspar Campos,es ESP,"MF,FW",Sporting Gijón,23-344,2000,27,1991,9,1,10,4.7,2.2,6.8,0.41,0.05,0.45,0.21,0.1,0.31
2169,Álex Cantero,es ESP,"FW,MF",Levante,23-271,2000,17,720,1,2,3,2.3,0.8,2.3,0.12,0.25,0.37,0.28,0.1,0.38
2174,Carlo,es ESP,MF,Villarreal B,23-022,2001,29,2367,0,2,2,1.7,1.9,3.6,0.0,0.08,0.08,0.06,0.07,0.14
2182,Nicolás Castro,ar ARG,MF,Elche,23-125,2000,25,1501,4,2,6,3.4,3.3,6.0,0.24,0.12,0.36,0.21,0.2,0.41
2186,Ilyas Chaira,ma MAR,"FW,MF",CD Mirandés,23-032,2001,26,1923,5,4,9,2.2,3.0,5.2,0.23,0.19,0.42,0.1,0.14,0.24
2193,Seydouba Cissé,gn GUI,"MF,FW",Leganés,23-024,2001,16,862,0,0,0,0.4,0.6,0.9,0.0,0.0,0.0,0.04,0.06,0.1
2195,Jesús Clemente,es ESP,MF,Eldense,24-064,2000,23,1301,2,3,5,2.2,1.4,3.6,0.14,0.21,0.35,0.15,0.1,0.25
2198,Diego Collado,es ESP,"FW,MF",Villarreal B,23-056,2001,22,927,1,0,1,2.5,0.6,3.1,0.1,0.0,0.1,0.25,0.06,0.31
2215,Alberto Del Moral,es ESP,MF,Villarreal B,23-229,2000,21,1736,1,0,1,1.7,0.3,2.0,0.05,0.0,0.05,0.09,0.02,0.1
2219,Diego,es ESP,FW,Leganés,23-322,2000,29,2040,9,0,9,9.0,2.1,9.5,0.4,0.0,0.4,0.4,0.09,0.49
2228,Ivan Durdov,hr CRO,FW,CD Mirandés,23-232,2000,20,389,1,0,1,1.5,0.5,2.1,0.23,0.0,0.23,0.35,0.12,0.48
2241,Nicolás Ezequiel Fernández,ar ARG,"MF,FW",Elche,24-054,2000,28,2235,3,1,4,3.1,3.8,6.8,0.12,0.04,0.16,0.12,0.15,0.28
2243,Fabrício,br BRA,FW,Levante,23-149,2000,14,649,4,0,4,2.8,0.7,3.5,0.55,0.0,0.55,0.38,0.1,0.48
2250,Andrés Ferrari,uy URU,"FW,MF",Villarreal B,21-062,2003,24,511,2,0,2,1.9,0.2,2.1,0.35,0.0,0.35,0.33,0.04,0.37
2253,Álex Forés,es ESP,FW,Villarreal B,22-328,2001,29,2045,11,1,12,8.1,1.5,9.6,0.48,0.04,0.53,0.36,0.07,0.42
2257,Álvaro Martín de Frías,es ESP,MF,FC Andorra,23-050,2001,22,733,1,2,3,1.5,1.1,2.6,0.12,0.25,0.37,0.19,0.14,0.32
2276,Aitor Gelardo,es ESP,MF,Villarreal B,21-253,2002,20,878,0,0,0,0.3,0.9,1.1,0.0,0.0,0.0,0.03,0.09,0.12
2277,Tiago Geralnik,ar ARG,"MF,FW",Villarreal B,20-340,2003,16,320,0,0,0,0.2,0.7,0.9,0.0,0.0,0.0,0.06,0.19,0.25
2279,Iván Gil,es ESP,MF,FC Andorra,24-047,2000,27,1878,3,0,3,2.9,3.3,5.5,0.14,0.0,0.14,0.14,0.16,0.3
2300,Haissem Hassan,fr FRA,"MF,FW",Sporting Gijón,22-026,2002,28,1793,1,5,6,2.5,3.9,6.4,0.05,0.25,0.3,0.13,0.2,0.32
2316,Isak Jansson,se SWE,"MF,FW",Cartagena,22-034,2002,18,974,1,1,2,0.9,0.8,1.7,0.09,0.09,0.18,0.08,0.08,0.16
2323,Jofre,es ESP,"MF,FW",Espanyol,22-262,2001,24,1191,2,2,4,2.2,2.9,5.1,0.15,0.15,0.3,0.17,0.22,0.39
2326,Joel Jorquera,es ESP,"MF,FW",Eldense,23-199,2000,15,348,0,0,0,0.7,0.8,1.5,0.0,0.0,0.0,0.17,0.21,0.39
2338,Iker Kortajarena,es ESP,MF,Huesca,23-258,2000,18,877,1,1,2,1.6,1.3,2.9,0.1,0.1,0.21,0.16,0.13,0.29
2350,Julen Lobete,es ESP,"FW,MF",FC Andorra,23-169,2000,28,1789,2,1,3,5.0,2.3,6.5,0.1,0.05,0.15,0.25,0.12,0.37
2358,Roberto López,es ESP,"FW,MF",Tenerife,23-316,2000,28,2046,5,4,9,3.6,4.0,7.7,0.22,0.18,0.4,0.16,0.18,0.34
2359,Losada,es ESP,"MF,FW",Racing Ferrol,22-217,2001,29,2314,7,6,13,4.8,3.0,7.8,0.27,0.23,0.51,0.19,0.12,0.3
2378,Carlos Martín,es ESP,"MF,FW",CD Mirandés,21-318,2002,27,1880,11,2,13,9.1,2.2,8.2,0.53,0.1,0.62,0.43,0.1,0.54
2383,Gabri Martínez,es ESP,"FW,MF",CD Mirandés,21-064,2003,29,2467,6,4,10,7.1,2.8,9.9,0.22,0.15,0.36,0.26,0.1,0.36
2390,Mascarenhas,pt POR,"FW,MF",Oviedo,23-295,2000,21,809,4,1,5,3.7,1.0,4.7,0.44,0.11,0.56,0.41,0.11,0.52
2401,Rodrigo Mendoza,es ESP,MF,Elche,18-356,2005,13,684,1,0,1,1.6,1.4,3.0,0.13,0.0,0.13,0.21,0.19,0.4
2411,Victor Mollejo,es ESP,"FW,MF",Zaragoza,23-044,2001,27,1544,4,1,5,2.7,1.0,3.7,0.23,0.06,0.29,0.16,0.06,0.22
2414,Ivan Monzón,es ESP,FW,Zaragoza,21-072,2002,23,1568,2,0,2,4.3,1.1,5.4,0.11,0.0,0.11,0.25,0.06,0.31
2416,Iván Morante,es ESP,MF,Racing Sant,23-050,2001,23,1109,1,0,1,0.2,0.5,0.7,0.08,0.0,0.08,0.02,0.04,0.06
2423,Raúl Moro,es ESP,"MF,FW",Valladolid,21-091,2002,21,1012,0,3,3,0.7,4.0,4.7,0.0,0.27,0.27,0.07,0.35,0.42
2444,Fernando Niño,es ESP,FW,Burgos,23-133,2000,25,1730,5,2,7,4.7,2.2,6.9,0.26,0.1,0.36,0.24,0.12,0.36
2459,Jandro Orellana,es ESP,MF,FC Andorra,23-211,2000,18,1314,1,1,2,0.3,0.7,1.0,0.07,0.07,0.14,0.02,0.05,0.07
2465,Antonio Pacheco,es ESP,MF,Albacete,22-062,2002,15,313,1,0,1,0.5,0.3,0.7,0.29,0.0,0.29,0.13,0.08,0.21
2470,Pascu,es ESP,FW,Villarreal B,20-331,2003,27,1885,4,4,8,3.9,2.7,6.7,0.19,0.19,0.38,0.19,0.13,0.32
2474,Peque,es ESP,"MF,FW",Racing Sant,21-153,2002,28,1943,14,1,15,10.3,2.0,6.8,0.65,0.05,0.69,0.48,0.09,0.57
2493,Dani Queipo,es ESP,"MF,FW",Sporting Gijón,22-064,2002,16,382,2,0,2,0.5,0.2,0.7,0.47,0.0,0.47,0.13,0.05,0.17
2496,Luis Quintero,co COL,"FW,MF",Amorebieta,19-145,2004,18,365,0,1,1,0.9,0.2,1.1,0.0,0.25,0.25,0.21,0.06,0.27
2508,Daniel Requena,es ESP,"MF,FW",Villarreal B,20-022,2004,26,813,1,0,1,0.9,1.2,2.1,0.11,0.0,0.11,0.1,0.13,0.23
2510,Nico Ribaudo,es ESP,"MF,FW",Espanyol,22-329,2001,13,919,2,3,5,2.3,2.3,4.6,0.2,0.29,0.49,0.22,0.23,0.45
2527,Iván Romero,es ESP,"FW,MF",Levante,22-330,2001,14,561,1,0,1,1.4,0.2,1.6,0.16,0.0,0.16,0.23,0.03,0.26
2555,Alvaro Sanz,es ESP,MF,CD Mirandés,23-020,2001,29,1999,1,2,3,2.3,2.4,4.0,0.05,0.09,0.14,0.11,0.11,0.21
2561,Francho Serrano Gracia,es ESP,MF,Zaragoza,22-140,2001,21,1619,3,1,4,0.0,0.0,0.0,0.17,0.06,0.22,0.0,0.0,0.0
2576,Mario Soriano,es ESP,MF,Eibar,21-318,2002,28,1936,3,3,6,2.4,2.5,4.8,0.14,0.14,0.28,0.11,0.11,0.23
2585,Teto,es ESP,"MF,FW",Tenerife,22-113,2001,23,795,2,1,3,1.2,0.4,1.6,0.23,0.11,0.34,0.13,0.05,0.18
2587,Pablo Tomeo,es ESP,MF,CD Mirandés,24-042,2000,19,728,0,0,0,0.0,0.0,0.1,0.0,0.0,0.0,0.01,0.0,0.01
2591,Oscar Ureña,es ESP,"MF,FW",Leganés,21-064,2003,15,443,0,1,1,1.1,1.3,2.3,0.0,0.2,0.2,0.22,0.26,0.47
2595,Germán Valera,es ESP,"MF,FW",Zaragoza,21-355,2002,26,1526,1,0,1,2.0,2.1,4.1,0.06,0.0,0.06,0.12,0.13,0.24
2598,Hugo Vallejo,es ESP,"MF,FW",Huesca,24-019,2000,23,1079,2,2,4,2.1,1.5,3.5,0.17,0.17,0.33,0.17,0.12,0.3
2602,Jonathan Varane,fr FRA,MF,Sporting Gijón,22-178,2001,18,616,0,0,0,0.1,0.2,0.2,0.0,0.0,0.0,0.01,0.02,0.03
2606,Unai Vencedor Paris,es ESP,MF,Eibar,23-111,2000,26,917,2,2,4,0.4,1.4,1.8,0.2,0.2,0.39,0.04,0.13,0.18
2628,Fabio Abiuso,gr GRE,FW,Modena,21-032,2003,15,776,4,0,4,0.0,0.0,0.0,0.46,0.0,0.46,0.0,0.0,0.0
2629,Gonzalo Abrego,ar ARG,MF,Cremonese,24-058,2000,18,989,1,0,1,1.4,0.4,1.7,0.09,0.0,0.09,0.12,0.03,0.16
2631,Ismail Achik,it ITA,"FW,MF",Bari,23-219,2000,15,584,1,1,2,1.2,1.5,2.7,0.15,0.15,0.31,0.19,0.23,0.42
2639,Francesco Amatucci,it ITA,MF,Cittadella,22-264,2001,19,1118,1,0,1,1.2,0.6,1.8,0.08,0.0,0.08,0.1,0.05,0.15
2641,Giuseppe Ambrosino,it ITA,FW,Catanzaro,20-177,2003,20,893,2,2,4,1.7,0.9,2.5,0.2,0.2,0.4,0.17,0.09,0.25
2647,Janis Antiste,fr FRA,"MF,FW",Reggiana,21-200,2002,24,1584,4,1,5,2.3,0.6,2.9,0.23,0.06,0.28,0.13,0.03,0.17
2651,Alessandro Arena,it ITA,"FW,MF",Pisa,23-215,2000,16,941,1,1,2,1.5,1.5,3.0,0.1,0.1,0.19,0.15,0.14,0.29
2653,Kristoffer Askildsen,no NOR,"MF,FW",Sampdoria,23-056,2001,18,497,0,2,2,0.1,1.2,1.3,0.0,0.36,0.36,0.03,0.21,0.24
2670,Thomas Battistella,it ITA,MF,Modena,22-220,2001,15,707,2,1,3,0.7,0.7,1.4,0.25,0.13,0.38,0.09,0.09,0.18
2679,Adrian Benedyczak,pl POL,FW,Parma,23-102,2000,26,1569,10,3,13,9.1,1.3,5.7,0.57,0.17,0.75,0.53,0.08,0.6
2683,Adrian Bernabe,es ESP,MF,Parma,22-284,2001,26,2018,6,3,9,2.7,2.8,5.5,0.27,0.13,0.4,0.12,0.13,0.25
2690,Alessandro Bianco,it ITA,MF,Reggiana,21-156,2002,26,2227,2,1,3,1.0,2.0,3.0,0.08,0.04,0.12,0.04,0.08,0.12
2694,Bjarki Bjarkason,is ISL,"MF,FW",Venezia,23-299,2000,22,849,2,1,3,1.3,1.2,2.5,0.21,0.11,0.32,0.13,0.13,0.26
2698,Ange-Yoan Bonny,fr FRA,FW,Parma,20-132,2003,26,1443,3,4,7,2.8,2.7,5.5,0.19,0.25,0.44,0.17,0.17,0.34
2700,Gennaro Borrelli,it ITA,FW,Brescia,23-361,2000,25,1227,8,2,10,5.6,1.1,5.9,0.59,0.15,0.73,0.41,0.08,0.49
2702,Kleis Bozhanaj,al ALB,"MF,FW",Modena,23-004,2001,14,363,2,0,2,0.6,0.3,1.0,0.5,0.0,0.5,0.16,0.09,0.24
2715,Gianluca Busio,us USA,MF,Venezia,21-282,2002,27,2143,5,3,8,3.9,3.1,7.0,0.21,0.13,0.34,0.17,0.13,0.29
2716,Nicolò Buso,it ITA,FW,Calcio Lecco 1912,24-033,2000,25,1713,6,1,7,5.2,1.7,7.0,0.32,0.05,0.37,0.27,0.09,0.37
2721,Fabrizio Caligara,it ITA,"MF,FW",Ascoli,23-328,2000,16,801,1,0,1,0.7,1.0,1.7,0.11,0.0,0.11,0.08,0.11,0.19
2739,Claudio Cassano,it ITA,MF,Cittadella,20-227,2003,25,1472,3,3,6,2.6,2.0,4.6,0.18,0.18,0.37,0.16,0.12,0.28
2766,Mattia Compagnon,it ITA,"FW,MF",FeralpiSalò,22-120,2001,21,1255,4,0,4,3.6,1.1,4.7,0.29,0.0,0.29,0.26,0.08,0.34
2773,Valerio Crespi,it ITA,"FW,MF",Cosenza,19-214,2004,14,153,0,0,0,0.5,0.0,0.5,0.0,0.0,0.0,0.29,0.0,0.29
2782,Luca D'Andrea,it ITA,"MF,FW",Catanzaro,19-181,2004,19,524,0,0,0,0.6,0.4,1.1,0.0,0.0,0.0,0.11,0.08,0.18
2784,Simone D'Uffizi,it ITA,"MF,FW",Ascoli,19-172,2004,17,515,0,0,0,1.1,0.2,1.4,0.0,0.0,0.0,0.2,0.04,0.24
2786,Lucas Da Cunha,fr FRA,"MF,FW",Como,22-270,2001,25,1796,3,5,8,1.5,3.4,4.9,0.15,0.25,0.4,0.08,0.17,0.25
2793,Kees De Boer,nl NED,MF,Ternana,23-297,2000,15,794,0,2,2,0.3,1.1,1.4,0.0,0.23,0.23,0.03,0.12,0.15
2796,Duccio Degl'Innocenti,it ITA,MF,Calcio Lecco 1912,20-312,2003,19,856,0,1,1,0.2,0.5,0.8,0.0,0.11,0.11,0.03,0.05,0.08
2810,Filippo Distefano,it ITA,"FW,MF",Ternana,20-190,2003,21,901,4,2,6,4.0,1.5,5.5,0.4,0.2,0.6,0.4,0.15,0.55
2823,Francesco Esposito,it ITA,FW,Spezia,18-251,2005,28,1402,2,0,2,3.5,1.7,5.1,0.13,0.0,0.13,0.22,0.11,0.33
2824,Salvatore Esposito,it ITA,MF,Spezia,23-150,2000,27,2220,1,4,5,2.0,3.1,4.3,0.04,0.16,0.2,0.08,0.12,0.21
2825,Sebastiano Esposito,it ITA,"FW,MF",Sampdoria,21-247,2002,17,1273,5,2,7,4.0,1.6,5.5,0.35,0.14,0.49,0.28,0.11,0.39
2844,Aldo Florenzi,it ITA,"FW,MF",Cosenza,21-338,2002,20,636,0,0,0,0.3,0.2,0.5,0.0,0.0,0.0,0.05,0.03,0.07
2861,Andrea Ghion,it ITA,MF,Catanzaro,24-011,2000,19,1516,1,0,1,0.4,1.1,1.5,0.06,0.0,0.06,0.03,0.06,0.09
2869,Stefano Girelli,it ITA,"MF,FW",Sampdoria,23-056,2001,15,373,0,0,0,0.1,0.4,0.6,0.0,0.0,0.0,0.03,0.1,0.13
2870,Natan Girma,ch SUI,"MF,FW",Reggiana,22-085,2001,23,1386,5,1,6,3.0,0.8,3.8,0.32,0.06,0.39,0.19,0.05,0.24
2874,Claudio Gomes,fr FRA,MF,Palermo,23-226,2000,26,1987,0,2,2,0.3,2.4,2.7,0.0,0.09,0.09,0.01,0.11,0.12
2902,Flavio Junior Bianchi,it ITA,"FW,MF",Brescia,24-041,2000,28,1488,2,0,2,3.8,1.0,4.8,0.12,0.0,0.12,0.23,0.06,0.29
2914,Rachid Kouda,it ITA,"MF,FW",Spezia,21-224,2002,20,1131,2,2,4,2.7,1.5,4.2,0.16,0.16,0.32,0.22,0.12,0.34
2915,Christos Kourfalidis,gr GRE,MF,FeralpiSalò,21-115,2002,19,1412,3,1,4,2.8,0.7,3.5,0.19,0.06,0.25,0.18,0.05,0.22
2916,Ilias Koutsoupias,gr GRE,MF,Bari,22-300,2001,14,964,2,1,3,2.0,0.6,2.6,0.19,0.09,0.28,0.19,0.06,0.24
2924,Nunzio Lella,it ITA,MF,Venezia,23-221,2000,16,690,0,0,0,1.1,0.9,2.0,0.0,0.0,0.0,0.15,0.11,0.26
2932,Ben Lhassine Kone,ci CIV,MF,Como,23-357,2000,14,757,0,1,1,0.4,1.3,1.7,0.0,0.12,0.12,0.05,0.15,0.2
2966,Patrizio Masini,it ITA,MF,Ascoli,23-038,2001,16,1203,2,0,2,0.7,0.3,1.0,0.15,0.0,0.15,0.05,0.02,0.08
2977,Valentin Mihaila,ro ROU,"FW,MF",Parma,24-032,2000,23,1019,3,2,5,2.1,1.6,3.8,0.26,0.18,0.44,0.19,0.14,0.33
2978,Tommaso Milanese,it ITA,"MF,FW",Ascoli,21-218,2002,14,555,0,1,1,0.8,0.6,1.3,0.0,0.16,0.16,0.12,0.09,0.22
2986,Gregorio Morachioli,it ITA,"FW,MF",Bari,24-007,2000,15,579,0,1,1,0.8,0.8,1.6,0.0,0.16,0.16,0.13,0.12,0.25
2988,Luca Moro,it ITA,"FW,MF",Spezia,23-040,2001,22,961,4,0,4,4.1,0.7,3.3,0.37,0.0,0.37,0.38,0.07,0.45
2993,Marco Nasti,it ITA,FW,Bari,20-170,2003,27,1751,4,0,4,3.2,1.6,4.8,0.21,0.0,0.21,0.16,0.08,0.24
3007,Giacomo Olzer,it ITA,"MF,FW",Brescia,22-326,2001,24,828,0,0,0,2.2,1.0,3.2,0.0,0.0,0.0,0.24,0.1,0.35
3017,Emanuele Pecorino,it ITA,FW,Südtirol,22-234,2001,26,982,4,0,4,2.3,0.7,3.0,0.37,0.0,0.37,0.22,0.06,0.28
3023,Gabriele Piccinini,it ITA,"MF,FW",Pisa,22-334,2001,22,1083,1,1,2,2.2,1.6,3.9,0.08,0.08,0.17,0.19,0.13,0.32
3037,Marco Pompetti,it ITA,MF,Catanzaro,23-288,2000,21,1124,1,2,3,0.4,1.4,1.8,0.08,0.16,0.24,0.03,0.11,0.14
3041,Mateusz Praszelik,pl POL,MF,Cosenza,23-161,2000,21,1425,0,0,0,0.5,1.4,1.9,0.0,0.0,0.0,0.03,0.09,0.12
3045,Niklas Pyyhtiä,fi FIN,MF,Ternana,20-162,2003,26,1383,1,2,3,1.7,1.3,3.1,0.07,0.13,0.2,0.11,0.09,0.2
3048,Antonio Raimondo,it ITA,FW,Ternana,19-353,2004,28,1858,9,1,10,8.0,1.3,8.5,0.44,0.05,0.48,0.39,0.06,0.45
3050,Nicola Rauti,it ITA,FW,Südtirol,23-323,2000,19,911,1,1,2,1.9,0.6,2.5,0.1,0.1,0.2,0.19,0.06,0.25
3061,Pablo Rodríguez,es ESP,"FW,MF",Ascoli,22-214,2001,27,1627,2,3,5,4.7,1.9,6.6,0.11,0.17,0.28,0.26,0.1,0.36
3083,Alessandro Sersanti,it ITA,MF,Calcio Lecco 1912,22-018,2002,26,1727,1,1,2,2.4,1.4,3.8,0.05,0.05,0.1,0.13,0.07,0.2
3089,Simon Sohm,ch SUI,MF,Parma,22-329,2001,24,1242,0,3,3,1.6,2.3,3.9,0.0,0.22,0.22,0.11,0.16,0.28
3108,Tanner Tessmann,us USA,MF,Venezia,22-163,2001,27,2290,4,3,7,2.2,3.4,5.6,0.16,0.12,0.28,0.09,0.13,0.22
3126,Aljosa Vasic,rs SRB,"MF,FW",Palermo,21-319,2002,16,558,0,0,0,0.8,0.4,1.2,0.0,0.0,0.0,0.13,0.07,0.2
3149,Gerard Yepes,es ESP,MF,Sampdoria,21-193,2002,25,2007,0,2,2,0.4,0.6,1.0,0.0,0.09,0.09,0.02,0.03,0.05
3155,Mattia Zennaro,it ITA,MF,FeralpiSalò,23-215,2000,21,955,2,1,3,0.7,0.8,1.5,0.19,0.09,0.28,0.07,0.08,0.15
3160,Federico Zuccon,it ITA,MF,Cosenza,20-339,2003,21,1361,0,2,2,0.8,0.6,1.4,0.0,0.13,0.13,0.05,0.04,0.09
